,Metric,Value
0,MSE,0.004536873217149769
1,RMSE,0.06735631534718751
2,Bias,-0.03949065696812442
3,KGE,0.9470089579612894
4,Mean Peak Error,0.25674750314867173
5,Peak Timing Error,267.0
