,Metric,Value
0,MSE,0.02681443988603595
1,RMSE,0.1637511523197194
2,Bias,-0.033736802335613804
3,KGE,0.9044334924324328
4,Mean Peak Error,0.46140680908803317
5,Peak Timing Error,304.0
