,Metric,Value
0,MSE,0.9215078562207445
1,RMSE,0.9599520072486668
2,Bias,-0.5986402220943795
3,KGE,0.0
4,Mean Peak Error,
5,Peak Timing Error,
