,Metric,Value
0,MSE,0.9516101006027955
1,RMSE,0.9755050489888791
2,Bias,-0.6016906801622501
3,KGE,0.0
4,Mean Peak Error,
5,Peak Timing Error,
