,Metric,Value
0,MSE,0.9172333644686639
1,RMSE,0.9577230103055183
2,Bias,-0.5724115114670387
3,KGE,0.0
4,Mean Peak Error,
5,Peak Timing Error,
