,Metric,Value
0,MSE,0.04894727097472111
1,RMSE,0.22124030142521753
2,Bias,-0.006427957202149842
3,KGE,0.7637820522264163
4,Mean Peak Error,0.3938272813920594
5,Peak Timing Error,305.0
