,Metric,Value
0,MSE,0.9569223900255069
1,RMSE,0.9782241001046268
2,Bias,-0.6060890726756445
3,KGE,0.0
4,Mean Peak Error,
5,Peak Timing Error,
