,Metric,Value
0,MSE,0.958011644944409
1,RMSE,0.9787806929769349
2,Bias,-0.5850034713381977
3,KGE,0.0
4,Mean Peak Error,
5,Peak Timing Error,
