,Metric,Value
0,MSE,0.028765126197877456
1,RMSE,0.16960284843680384
2,Bias,-0.10206590190281928
3,KGE,0.8847523680530441
4,Mean Peak Error,0.25890176339233245
5,Peak Timing Error,249.33333333333334
