,Metric,Value
0,MSE,0.025797659486315048
1,RMSE,0.16061649817598145
2,Bias,0.005606670395717903
3,KGE,0.922016384598915
4,Mean Peak Error,0.31656236108855085
5,Peak Timing Error,252.33333333333334
