,Metric,Value
0,MSE,0.9255361027113346
1,RMSE,0.9620478692410969
2,Bias,-0.6019953172573672
3,KGE,0.0
4,Mean Peak Error,
5,Peak Timing Error,
