,Metric,Value
0,MSE,0.004027571034039512
1,RMSE,0.06346314705432998
2,Bias,-0.019084217203544047
3,KGE,0.9658124548140687
4,Mean Peak Error,0.26483264721150873
5,Peak Timing Error,256.3333333333333
