,Metric,Value
0,MSE,0.02390859658117556
1,RMSE,0.1546240491682182
2,Bias,-0.01377831643890184
3,KGE,0.9197589761131558
4,Mean Peak Error,0.3293217837775168
5,Peak Timing Error,367.0
