,Metric,Value
0,MSE,0.9600712813762496
1,RMSE,0.9798322720630556
2,Bias,-0.5978290694539142
3,KGE,0.0
4,Mean Peak Error,
5,Peak Timing Error,
