,Metric,Value
0,MSE,0.9440781425018259
1,RMSE,0.9716368367357353
2,Bias,-0.5953987877827278
3,KGE,0.0
4,Mean Peak Error,
5,Peak Timing Error,
