,Metric,Value
0,MSE,0.0257109542186099
1,RMSE,0.16034635704814093
2,Bias,-0.06478244756392197
3,KGE,0.8468852258225851
4,Mean Peak Error,0.3596463024580893
5,Peak Timing Error,313.0
