,Metric,Value
0,MSE,0.9691726070637658
1,RMSE,0.9844656454461811
2,Bias,-0.5944661669069977
3,KGE,0.0
4,Mean Peak Error,
5,Peak Timing Error,
