,Metric,Value
0,MSE,0.9738472039595792
1,RMSE,0.9868369692910675
2,Bias,-0.5983850102508517
3,KGE,0.0
4,Mean Peak Error,
5,Peak Timing Error,
