,Metric,Value
0,MSE,0.9716048799307879
1,RMSE,0.9857001977938261
2,Bias,-0.607398711587925
3,KGE,0.0
4,Mean Peak Error,
5,Peak Timing Error,
