,Metric,Value
0,MSE,1.0164322547098048
1,RMSE,1.0081826494786572
2,Bias,-0.6533405151229492
3,KGE,0.0
4,Mean Peak Error,
5,Peak Timing Error,
