,Metric,Value
0,MSE,0.005260319439985921
1,RMSE,0.0725280596733838
2,Bias,-0.028964169290426327
3,KGE,0.9668845778424852
4,Mean Peak Error,0.24497322085782214
5,Peak Timing Error,266.6666666666667
