,Metric,Value
0,MSE,0.037800361488212045
1,RMSE,0.19442315059738138
2,Bias,0.05110848223495277
3,KGE,0.9304097075229149
4,Mean Peak Error,0.42619751095418307
5,Peak Timing Error,306.0
