,Metric,Value
0,MSE,0.05034279211907703
1,RMSE,0.22437199495275034
2,Bias,0.08448922762204367
3,KGE,0.8896407366055179
4,Mean Peak Error,0.4196823656523642
5,Peak Timing Error,307.3333333333333
