,Metric,Value
0,MSE,0.036171454102397006
1,RMSE,0.19018794415629242
2,Bias,-0.0842868551925639
3,KGE,0.8791558902858905
4,Mean Peak Error,0.3199555098975119
5,Peak Timing Error,306.3333333333333
