,Metric,Value
0,MSE,0.9514402874412887
1,RMSE,0.9754180065188918
2,Bias,-0.5905663403455806
3,KGE,0.0
4,Mean Peak Error,
5,Peak Timing Error,
