,Metric,Value
0,MSE,0.021362441197176674
1,RMSE,0.14615895866205628
2,Bias,-0.04443307046305963
3,KGE,0.8996883171757103
4,Mean Peak Error,0.24333078200161232
5,Peak Timing Error,123.5
