,Metric,Value
0,MSE,0.9678910574143447
1,RMSE,0.9838145442177325
2,Bias,-0.6362022608438359
3,KGE,0.0
4,Mean Peak Error,
5,Peak Timing Error,
