,Metric,Value
0,MSE,0.923529290885657
1,RMSE,0.961004313666519
2,Bias,-0.5778848197322479
3,KGE,0.0
4,Mean Peak Error,
5,Peak Timing Error,
