,Metric,Value
0,MSE,0.023143562226683623
1,RMSE,0.15213008324024418
2,Bias,-0.005166379573423215
3,KGE,0.9399377362207865
4,Mean Peak Error,0.25803843671619664
5,Peak Timing Error,130.5
