,Metric,Value
0,MSE,0.03310632405822982
1,RMSE,0.18195143324038374
2,Bias,-0.1002730743519357
3,KGE,0.8714001708757014
4,Mean Peak Error,0.33437772790237436
5,Peak Timing Error,310.0
